id_texto,Autor,Seccion,paginas,texto_original
1,Max_Weber,Tipo_dominacion,2,"1. Las Formas de Legitimidad Debe entenderse por ""dominación"", de acuerdo con la definición ya dada (cap. I, §
16), la probabilidad de encontrar obediencia dentro de un grupo determinado para
mandatos específicos (o para toda clase de mandatos). No es, por tanto, toda especie de
probabilidad de ejercer ""poder"" o ""influjo"" sobre otros hombres. En el caso concreto
esta dominación (""autoridad""), en el sentido indicado, puede descansar en los más
diversos motivos de sumisión: desde la habituación inconsciente hasta lo que son
consideraciones puramente racionales con arreglo a fines. Un determinado mínimo de
voluntad de obediencia, o sea de interés (externo o interno) en obedecer, es esencial en
toda relación auténtica de autoridad.
No toda dominación se sirve del medio económico. Y todavía menos tiene toda
dominación fines económicos. Pero toda dominación sobre una pluralidad de hombres
requiere de un modo normal (no absolutamente siempre) un cuadro administrativo (ver
cap. I, § 12); es decir, la probabilidad, en la que se puede confiar, de que se dará una
actividad, dirigida a la ejecución de sus ordenaciones generales y mandatos concretos,
por parte de un grupo de hombres cuya obediencia se espera. Este cuadro administrativo
puede estar ligado a la obediencia de su señor (o señores) por la costumbre, de un modo
puramente afectivo, por intereses materiales o por motivos ideales (con arreglo a
valores). La naturaleza de estos motivos determina en gran medida el tipo de
dominación. Motivos puramente materiales y racionales con arreglo a fines como
vínculo entre el imperante y su cuadro implican aquí, como en todas partes, una relación
relativamente frágil. Por regla general se le añaden otros motivos: afectivos o racionales
con arreglo a valores. En casos fuera de lo normal pueden éstos ser los decisivos. En lo
cotidiano domina la costumbre y con ella intereses materiales, utilitarios, tanto en ésta
como en cualquiera otra relación. Pero la costumbre y la situación de intereses, no
menos que los motivos puramente afectivos y de valor (racionales con arreglo a
valores), no pueden representar los fundamentos en que la dominación confía.
Normalmente se les añade otro factor: la creencia en la legitimidad.
De acuerdo con la experiencia ninguna dominación se contenta voluntariamente con
tener como probabilidades de su persistencia motivos puramente materiales, afectivos o
racionales con arreglo a valores. Antes bien, todas procuran despertar y fomentar la
creencia en su ""legitimidad"". Según sea la clase de legitimidad pretendida es
fundamentalmente diferente tanto el tipo de la obediencia, como el del cuadro
administrativo destinado a garantizarla, como el carácter que toma el ejercicio de
dominación. Y también sus efectos. Por eso, parece adecuado distinguir las clases de
dominación según sus pretensiones típicas de legitimidad. Para ello es conveniente
partir de relaciones modernas y conocidas.1. Tan sólo los resultados que se obtengan pueden justificar que se haya tomado este
punto de partida para la clasificación y no otro. No puede ser en esto un inconveniente
decisivo el que por ahora se pospongan para ser añadidas otras características distintivas
típicas. La ""legitimidad"" de una dominación tiene una importancia que no es puramente
""ideal"" -aunque no sea más que por el hecho de que mantiene relaciones muy
determinadas con la legitimidad de la ""propiedad"".
2. No toda ""pretensión"" convencional o jurídicamente garantizada debe llamarse
""relación de dominación"". Pues de esta suerte podría decirse que el trabajador en el
ámbito de la pretensión de su salario es ""señor"" del patrono, ya que éste a demanda del
ejecutor judicial, está a su disposición. En verdad, es formalmente sólo una parte
""acreedora"" a la realización de ciertas prestaciones en un determinado cambio de
servicios. Sin embargo, el concepto de una relación de dominación no excluye
naturalmente el que haya podido surgir por un contrato formalmente libre: así en la
dominación del patrono sobre el obrero traducida en las instrucciones y ordenanzas de
su trabajo o en la dominación del señor sobre el vasallo que ha contraído libremente el
pacto feudal. El que la obediencia por disciplina militar sea formalmente ""obligada""
mientras la que impone la disciplina de taller es formalmente ""voluntaria"", no altera
para nada el hecho de que la disciplina de taller implica también sumisión a una
autoridad (dominación). También la posición del funcionario se adquiere por contrato y
es denunciable, y la relación misma de ""súbdito"" puede ser aceptada y (con ciertas
limitaciones) disuelta voluntariamente. La absoluta carencia de una relación voluntaria
sólo se da en los esclavos. Tampoco, por otra parte, debe llamarse ""dominación"" a un
poder ""económico"" determinado por una situación de monopolio; es decir, en este caso,
por la posibilidad de ""dictar"" a la otra parte las condiciones del negocio; su naturaleza es
idéntica a la de toda otra ""influencia"" condicionada por cualquiera otra superioridad:
erótica, deportiva, dialéctica, etc. Cuando un gran banco se encuentra en situación de
forzar a otros bancos a aceptar un cártel de condiciones, esto no puede llamarse, sin
más, ""dominación"", mientras no surja una relación de obediencia inmediata: o sea, que
las disposiciones de la dirección de aquel banco tengan la pretensión y la probabilidad
de ser respetadas puramente en cuanto tales, y sean controladas en su ejecución.
Naturalmente, aquí como en todo la transición es fluida: entre la simple responsabilidad
por deudas y la esclavitud por deudas existen toda suerte de gradaciones intermedias. Y
la posición de un ""salón"" puede llegar hasta los límites de una situación de poder
autoritario, sin ser por eso necesariamente ""dominación"". Con frecuencia no es posible
en la realidad una separación rigurosa, pero por eso mismo es más imperiosa la
necesidad de conceptos claros.
3. La ""legitimidad"" de una dominación debe considerarse sólo como una probabilidad,
la de ser tratada prácticamente como tal y mantenida en una proporción importante. Ni
con mucho ocurre que la obediencia a una dominación esté orientada primariamente (ni
siquiera siempre) por la creencia en su legitimidad. La adhesión puede fingirse por
individuos y grupos enteros por razones de oportunidad, practicarse efectivamente por
causa de intereses materiales propios, o aceptarse como algo irremediable en virtud de
debilidades individuales y de desvalimiento. Lo cual no es decisivo para la clasificación
de una dominación. Más bien, su propia pretensión de legitimidad, por su índole la hace
""válida"" en grado relevante, consolida su existencia y codetermina la naturaleza del
medio de dominación. Es más, una dominación puede ser tan absoluta -un caso
frecuente en la práctica- por razón de una comunidad ocasional de intereses entre el
soberano y su cuadro (guardias personales, pretorianos, guardias ""rojos"" o ""blancos"")frente a los dominados, y encontrarse de tal modo asegurada por la impotencia militar
de éstos, que desdeñe toda pretensión de ""legitimidad"". Sin embargo, aún en este caso,
la clase de relación de la legitimidad entre el soberano y su cuadro administrativo es
muy distinta según sea la clase del fundamento de la autoridad que entre ellos exista,
siendo decisiva en gran medida para la estructura de la dominación, como se mostrará
más adelante.
4. ""Obediencia"" significa que la acción del que obedece transcurre como si el contenido
del mandato se hubiera convertido, por sí mismo, en máxima de su conducta; y eso
únicamente en méritos de la relación formal de obediencia, sin tener en cuenta la propia
opinión sobre el valor o desvalor del mandato como tal.
5. Desde un punto de vista puramente psicológico la cadena causal puede mostrarse
diferente; puede ser, especialmente, el ""inspirar"" o la ""endopatía"". Esta distinción, sin
embargo, no es utilizable en la construcción de los tipos de dominación.
6. El ámbito de la influencia autoritaria de las relaciones sociales y de los fenómenos
culturales es mucho mayor de lo que a primera vista parece. Valga como ejemplo la
suerte de dominación que se ejerce en la escuela, mediante la cual se imponen las
formas de lenguaje oral y escrito que valen como ortodoxas. Los dialectos que
funcionan como lenguajes de cancillería de una asociación política autocéfala, es decir,
de sus señores, se convierten en su forma de lenguaje y escritura ortodoxa y han
determinado las separaciones ""nacionales"" (por ejemplo, Holanda y Alemania). La
autoridad de los padres y de la escuela llevan su influencia mucho más allá de aquellos
bienes culturales de carácter (aparentemente) formal, pues conforma a la juventud y de
esa manera a los hombres.
7. El que el dirigente y el cuadro administrativo de una asociación aparezcan según la
forma como ""servidores"" de los dominados, nada demuestra respecto del carácter de
""dominación"". Más tarde se hablará particularmente de las situaciones de hecho de la
llamada ""democracia"". Hay, empero, que atribuirle en casi todos los casos imaginables
un mínimo de poder decisivo de mando, y en consecuencia de ""dominación"""
2,Thomas_Hobbes,,10,"El poder de un hombre  (universalmente considerado) consiste en sus medios presentes para obtener algún bien manifiesto futuro. Puede ser original o instrumental.Poder natural es la ~minencia de las facultades del cuerpo o de la inteligencia, tales como una fuerza, belleza, prudencia, aptitud, elocuencia, liberalidad o nobleza extraordinarias. Son instrumentales aquellos poderes que se adquieren
mediante los antedichos, o por la fortuna, y sirven como medios e instrumentos para adquirir más, como la riqueza, la
reputación, los amigos y los secretos designios de Dios, 10 que
los hombres llaman buena suerte. Porque la naturaleza del
poder es, en este punto, como ocurre con la fama, creciente
a medida que avanza; o como el movimiento de los cuerpos
pesados, que cuanto más progresan tanto más rápidamente lo
hacen. El mayor de los poderes humanos es el que se integra
con los poderes de varios hombres unidos por el consentimiento en una persona natural o civil; tal es el poder de un
Estado; o el de un gran número de personas, cuyo ejercicio
depende de las voluntades de las distintas personas particulares, como es el poder de una facción o de varias facciones
coaligadas. Por consiguiente, tener siervos es poder; tener amigos es poder, porque son fuerzas unidas. También la riqueza,
unida con la liberalidad, es poder, porque procura amigos y
siervos. Sin liberalidad no lo es, porque en este caso la riqueza no protege, sino que se expone a las asechanzas de la
envidia.
Reputación de poder es poder, porque Con ella se consigue la adhesión y afecto de quienes necesitan ser protegidos.PARTE 1 DEL HOMBRE CAP. IOtradición de esos signos por herencia. Los romanos transmitieron
los emblemas de sus familias, pero eran las imágenes y no lasdivisas de sus antepasados. E!1tre los pueblos de Asia, A fricay América no existían ni existen nunca semejantes cosas. Sola-mente los germanos tuvieron esta costumbre j de ellos derivó
a Inglaterra, Francia, España e Italia cuando, en gran número,
ayudaron a los. romanos, o hicieron conquistas propias en
aquellas comarcas occidentales del mundo.
En cuanto a Germania, más antigua que todas las demás
naciones, y dividida en sus comienzos en un infinito número
de pequeños señores, jefes o familias, continuamente hallábanse éstos en guerra entre sí. Tales señores o jefes, principalmente para que, cuando iban armados, pudieran ser re-conocidos por sus secuaces, y también por vía de ornato,
llevaban pintadas sobre su armadura, su escudo o su ropaje,la efigie de algún animal o de otro objeto; y así también
ponían alguna marca ostensible [46] Y manifiesta en la cimera
de sus yelmos. Y este ornamento de las dos cosas, armas ycimeras, se trasmitía por herencia hasta sus hijos, al primogénito en toda su pureza, y .al resto con alguna nota de diversi-dad, que el Rere-ale, como dicen en alemán, juzgaba conveniente. Ahora bien, cuando varias de estas familias,
reuniéndose, formaron una gran monarquía, esta misión del
heraldo, que consistía en distinguir los ~'CUdos, se convirtió
en un cargo privado independiente. Estos señores constituyen dorigen de la más grande y antigua nobleza; en la mayor parte
de los casos llevaban como emblema seres señalados por su
valor o afán de rapiña, o castillos, almenas, tiendas, armas,
empalizadas y otros signos de guerra; porque ninguna otra
virtud era tan estimada como la virtud militar. Posteriormente,:)0 sólo los reyes, sino lo~ Estados populares otorgaron di-versas clases de escudos, a quienes iban a la guerra o volvían
de ella, para estimularles o recompensar sus servicios. Cual~quier lector perspicaz podrá encontrar estas alusiones en lasantiguas historias de griegos y latinos, con referencia a la nación alemana, y a las maneras germanas contemporáneas delhistoriador.
Los títulos de honor, tales como los de duque, conde,
marqués y barón son honorables, porque expresan la estiJrui-76rUTE 1 DEL HOMBRE CAP. ICciÓll que el poder soberano del Estado les otorga. Estos títulosfueron, en tiempos antiguos, títulos de cargos y de mando,
algunos derivados de los romanos, otros de lo:> germanos yfranceses. Duques, en latín duces, eran generales en guerra;
condes, com;tes, eran los compañeros o amigos de los genera·les, y se les encargaba gobernar y defender las plazas conquis-tadas y pacificadas; los marqueses, marchiones, fueron con-des que gobernaban las marcas o fronteras del Imperio. Tales
títulos de duque, conde y marqués fueron introducidos en el
Imperio, hacia la época de Constantino el Grande, a usan-za de las miliJia germanas. Pero barón parece haber sido título
de las Galias, y significa hombre grande; constituían los barones la guardia de reyes o príncipes, quienes en la guerra los
tenían siempre cerca de sus personas; parece derivar de 'VÍra ber y bar, y significaba lo mismo, en el lenguaje de las
Galias, que w en latín; de aquí se derivan bero y baro, de
modo que tales hombres fueron llamados berones, y después""_os, en español barones. Quien desee tener más detalles
acerca del origen de los títulos de honor, puede encontrarlos,como yo lo he hecho, en el excelente tratado que sobre esta
materia ha escrito Mr. Selden. Andando el tiempo, con ocasión de disturbios o por razones de buen gobierno, estos cargos de honor fueron convertidos en meros títulos; en su mayor
parte servían para distinguir la preeminencia, lugar y orden
de los súbditos en el Estado, y así se nombraron duques, condes, marqueses y barones de lugares donde tales personas no
tenían posesión ni cargo; otros títulos tuvieron también elmismo fin.
EXCELENCIA es una cosa distinta de la estimación o valor
de un hombre, y también de su mérito o falta de él; consiste
en un poder particular o capacidad para aquello en lo cual
sobresale; esta habilidad particular se llama usualmente ap-tilu.En efecto, es apto para ser director o juez, o para tener
otro cargo cualquiera, quien está mejor dotado con las cua-lidades requeridas para el buen ejercicio [47] de dicho cargo;, el más excelente de los ricos es aquel que tiene las cualidadesrequeridas para el buen uso de la riqueza. Aunque falte una
de estas cualidades, puede una persona ser un hombre
77PARTE 1 DEL HOMBRE CAP. 10digno y estimable por otros conceptos. A su vez, un hombre puede ser digno por su riqueza o su cargo o su empleo
y, sin embargo, no tener derecho a ostentarlo antes que otro;
por consiguiente, no puede decirse que lo merezca. Porque
el mérito presupone un .derecho, y la cosa merecida lo es por
primacía. A esto me referiré posteriormente, cuando hable de
los contratos."
3,Robert Dahl,Concept_power,3,"POWER AS A RELATION AMONG PEOPLE 202 ROBERTA. DAHLof systematic and empirical import, then we
simply cannot say whether rigorous definitions of the concept of power are likely
to be useful in theoretical systems with a
relatively large pay-off in the hard coin of
scientific understanding. The evidence is
not yet in.
I think it can be shown, however, that
to define the concept “power” in a way that
seems to catch the central intuitively understood meaning of the word must inevitably
result in a formal definition that is not easy
to apply in concrete research problems;
and therefore, operational equivalents of
the formal definition, designed to meet the
needs of a particular research problem, are
likely to diverge from one another in important ways. Thus we are not likely to
producecertainly not for some considerable time to comeanything like a single,
consistent, coherent “Theory of Power.”
We are much more likely to produce a
variety of theories of limited scope, each
of which employs some definition of power
that is useful in the context of the particular
piece of research or theory but different in
important respects from the definitions ofother studies. Thus we may never get
through the swamp. But it looks as if we
might someday get around it.
With this in mind, I propose first to essay
a formal definition of power that will, I
hope, catch something of one’s intuitive
notions as to what the Thing is. By “formal”
I mean that the definition will presuppose
the existence of observations of a kind that
may not always or even frequently be
possible. Second, I should like to indicate
how operational definitions have been or
might be modelled on the formal one forsubject. The comments of Jacob Marschak on this
paper have also been most helpful. There are, of
course, approaches radically different from the
one employed here and in the works mentioned
above. John R. P. French, Jr. (2), has developed a
model that assumes “a unidimensional continuum
of opinion which can be measured with a ratio
scale,” and he defines “the power of A over B(with respect to a given opinion) [to be] equal to
the maximum force which A can induce on Bminus the maximum resisting force which B can
mobilize in the opposite direction.” Game theory
provides still another approach. Cf. References 4,
5, 9.some specific purposes, and the actual or
possible results of these operational d, ti-nitions.
I should like to be permitted one liberty.
There is a long and honorable history attached to such words as power, influence,
control, and authority. For a great many
purposes, it is highly important that a
distinction should be made among them;
thus to Max Weber, “Herrschaft ist. . , ein
Sonderfall u r n Macht,” Authority is a special
case of the first, and Legitimate Authoritya subtype of cardinal significance (11).
In this essay I am seeking to explicate the
primitive notion that seems to lie behindall of these concepts. Some of my readers
would doubtless prefer the term (‘influence,”
while others may insist that I am talking
about control. I should like to be permitted
to use these terms interchangeably when
it is convenient to do so, without denying
or seeming to deny that for many other
purposes distinctions are necessary and
useful. Unfortunately, in the English language power is an awkward word, for unlike
“influence” and “control” it has no convenient verb form, nor can the subject and
object of the relation be supplied with noun
forms without resort to barbaric neologisms.POWER AS A RELATION AMONG PEOPLEWhat is the intuitive idea we are trying
to capture? Suppose I stand on a street
corner and say to myself, “I command all
automobile drivers on this street to drive
on the right side of the road”; suppose
further that all the drivers actually do as I
“command” them to do; still, most people
will regard me as mentally ill if I insist that
I have enough power over automobile
drivers to compel them to use the right side
of the road. On the other hand, suppose a
policeman is standing in the middle of an
intersection at which most traffic ordinarily
moves ahead; he orders all traffic to turn
right or left; the traffic moves as he orders
it to do. Then it accords with what I conceive to be the bedrock idea of power to
say that the policeman acting in this particular role evidently has the power to make
automobile drivers turn right or left rather
than go ahead. My intuitive idea of power,
then, is something like this: A has powerCONCEPTOF POWER 203over B to the extent that he can get B todo homething that B would not otherwise do.
If Hume and his intellec%ual successors
had never existed, the distinction between
the two events above might be firmer than
it, is. But anyone who sees in the two cases
the need to distinguish mere “association”
from “causc” will realize that the attempt
to define power could push us into some
messy epistemological problems that do not
semi to havc any generally accepted so-lutions at the moment. I shall therefore
quite deliberately stccr dear of the possible
identity of “power” with “cause,” and the
host of problems this identity might give
rise to.
Let us proceed in a different way. First,
let 11s agree that power is a relation, and that
it is a relatioii among people. Although in
common speech the term encompasses relations among people and other animate or
inanimate objects, we shall have our hands
full if we confiiie the relationship to humaii
beings. All of the social theory I mentioned
earlicr is interesting only when it deals with
this liniitcd kind of relationship. Let us
call the objects in the relationship of power,
actors. Actors may be individuals, groups,
roles, ofices, governments, nation-states,
or other human aggregates.
To specify the actors in a power relatioii-A has power over R-is not very interesting,
informative, or even accurate. Although the
statement that the President has (some)
power over Congress is not empty, neither is
it very useful. A much more complete
statement would include references to ( a )the source, domain, or base of the President’s
power over Congress; (1)) the means oriiistrunieiits uhed by the President to exertpower over Congress; ( c ) the amount orextent of his p o w r over Congress; and ( d )the range or scopc of his power over Congress.
The base of an avtor’s power consists of all
the rc~sources--opportunities, acts, objects,
ctc.-that he can exploit in order to effect
thc behavior of another. Much of the best
writing on power-Bertrand Russell is a
good example-consists of an examination of
the possible bases of power. A study of the
war potential of nations is also a study of the
h s e s of power. t5ome of the possible bases ofu Presidelit’s power over a Senator are his
patronage, his constitutional veto, the
possibility of calling White House conferences, his influence with the national
electorate, his charisma, his charm, and the
like.
In a sense, the base is inert, passive. It
must be exploited in some fashion if the
behavior of others is to be altered. Themeans or instruments of such exploitation
are numerous; often they involve threats or
promises to employ the base in some way
and they may involve actual use of the base.
In the case of the President, the means
would include the promise of patronage,
the threat of veto, the holding of a conference,
the threat of appeal to the electorate, thee.rcrcise of charin and charisma, etc.
Thus the means is a mediating activity byA between A’s base and B’s response. Thescope consists of B’s responses. The scopeof the President’s power might therefore
include such Congressional actions as
passiiig or killing a bill, failing to override
a veto, holding hearings, etc.
The amount of an actor’s power can be
represented by a probability statement:
e.g., “the chances are 9 out of 10 that if the
President promises a judgeship to five key
Senators, the Senate will not override his
veto,” etc. Clearly the amount can only be
specified in conjunction with the means
and scope.
Suppose now we should wish to make a
relatively complete and concise statement
about the power of individual A over individual a (whom I shall call the respondent)
with respect to some given scope of responses. In order to introduce the basic
ideas involved, let us restrict ourselves to
the 2 by 2 case, where the actor A does ordoes not perform some act and the respondent a does or does not “respond.”
Let us employ the following symbols:(-4,w) = A does w. For example, the
President makes a nationwide television appeal for
tax increases.( A , TO)(a, .T)= A does not do W.= a, the respondent, does x. For
example, the Senate votes to
increase taxes.= a does not do x.(a, 5) "
4,Peter_Bachrach,power,2,"Against the elitist approach to power several
criticisms may be, and have been levelled. One
has to do with its basic premise that in every
human institution there is an ordered system of
power, a “power structure” which is an integral
part and the mirror image of the organization’s
stratification. This postulate the pluralists
emphatically-and, to our mind, correctlyreject, on the ground that
nothing categorical can be assumed about power
in any community. . . . If anything, there seems
to be an unspoken notion among pluralist researchers that at bottom nobody dominates in atown, so that their first question is not likely to be,
“Who runs this community?,” but rather, “Does
anyone at all run this community?” The first
query is somewhat like, “Have you stopped beating your wife?,” in that virtually any response
short of total unwillingness to answer will supply
the researchers with a “power elite” along the
lines presupposed by the stratification theory.4Equally objectionable to the pluralists-and
to us-is the sociologists’ hypothesis that thepower structure tends to be stable over time.Pluralists hold that power may be tied to
issues, and issues can be fleeting or persistent, provoking coalitions among interested groups and
citizens, ranging in their duration from momentary to semi-permanent. . . . To presume that the
set of coalitions which exists in the community at
any given time is a timelessly stable aspect of
social structure is to introduce systematic inaccuracies into one’s description of social reality.5A third criticism of the elitist model is that it
wrongly equates reputed with actual power:If a man’s major life work is banking, the pluralist
presumes he will spend his time at the bank, and
not in manipulating community decisions. This
presumption holds until the banker’s activities
and participations indicate otherwise. . . . If we
3 See especially N. W. Polsby, op. cit., p. 475f.
4 Ibid., pp. 476.
5 Ibid., pp. 478-79.947948 THE AMERICAN POLITICAL SCIENCE REVIEWpresu nail that, 1 he banker is “really” engaged in
running t hc tbommunit,y, there is practically no
way d &~con~irming this notion, even if it is
t,ot:Q ~~~~*oncous. On the other hand, it is easy to
tipoL Lilfl i):Lnk(lr who really does run community
al’f:Grs u hen we presume he does not, because his
activit ios will make this fact apparent.6This is not an exhaustive bill of particulars;
there ~c flaws other than these in the sociological n-~&J and methodology7-including some
which the pluralists themselves have not
not i(hod. J3ut to go into this would not materially s~~rvc our current purposes. Suffice it simply to ohscrve that whatever the merits of their. own :kpproach to power, the pluralists have
effccti\ cly exposed the main weaknesses of the
elitist model.
As the foregoing quotations make clear, the
pluralists concentrate their attention, not upon
the s~urccs of power, but its exercise. Power to
them m(lans “participation in decision-making “8 :I ~1 can be analyzed only after “careful
examin&ion of a series of concrete decisions.“g
As a rfhsult, the pluralist researcher is uninterested in the reputedly powerful. His concerns
instcb:ld are to (a) select for study a number of
Uk e~.r*’ as opposed to “routine” political de-ciSi0n?, (1)) identify the people who took an
ac ti vf b pu% in the decision-making process, (c)
obt,G a full account of their actual behavior
while 0jc policy conflict was being resolved,
and (~11 d&ermine and analyze the specific outcome of the (7mflict.
2’1~ advantages of this approach, relative to
t hc SiGt alternative, need no further exposition. ‘l’he same may not be said, however, about
its d,fcc ts-- t,wo of which seem to us to be of
fu~&~montal importance. One is that the model
t,aktis no a!ccount of the fact that power may be,
and ofbn is, exercised by confining the scope of
decis~ ()n-making to relatively (‘safe” issues. The
other is that, the model provides no objectivecritcri:i for distinguishing between “important”
and Y~nimportant” issues arising in the political a 39a."
5,Steven_Lukes,enfoques_poder,2,"Enfoque unidimensional del poderHincapié en:
(a) el comportamiento
(b) la adopción de decisiones
(e) problemas (clave)
(d) el conflicto observable (abierto)
(e) intereses (subjetivos), entendidos como preferencias
políticas que nos revela la participación política.21EL PODEREnfoque bidimensional del poderCrítica (matizada) del carácter behaviorista
Hincapié en:
(a) la adopción de decisiones y la adopción de no decisiones(b) problemas y probíemas potenCiales
(e) el conflicto observable (abierto o encubierto)
(d) intereses (subjetivos), entendidos como preferencias
políticas o agravios.Enfoque tridimensional del poderCrítica del carácter behaviorista
Hincapié en:
(a) la adopción de decisiones y el control del programa po-lítico (no necesariamente a través de decisiones)
(b) problemas y problemas potenciales
(e) el conflicto observable (abierto o encubierto) y latente
(d) intereses subjetivos y reales."
6,Foucault,sujeto_poder,2,"Para algunos, plantearse preguntas sobre el ""cómo"" del poder, los limitaría a describir sus efectos sin relacionarlos jamás ni a causas ni a una
naturaleza. Esto haría de cste poder una sustancia misteriosa a la quc
vacilarían en interrogar en sí misma, sin duda porque preferirían n o ponerla en tela de juicio. .Al proceder así, lo cual nunca se justifica esplícitamente, parecen sospechar la presencia de una especie de fatalismo.
;Pero acaso su propia desconfianza no sería un indicio del presupuesto de
que el poder es algo que existe con tres cualidades distintas: su origen,
su naturaleza básica y sus manifestaciones? ejerce sobre las cosas y proporciona la capacidad de modificarías, utilizarlas, consumirlas o destruirlas -un poder que surge de aptitudes directamente inscritas en el cuerpo o que se transmite mediante instrumentos
externos. Digamos que aquí se trata de una cuestión de ""capacidad"". Por
otra parte, lo que caracteriza el poder que estamos analizando es que pone
en juego relaciones entre individuos ( o entre grupos). Porque n o hay que
engañarse: si hablamos de estructuras o de mecanismos de poder, es sólo
en la medida en que suponemos que ciertas personas ejercen poder sobre
otras.El término ""poder"" designa relaciones entre ""parejas"" (y no estoy
pensando en un sistema de juego, sino simplemente, y permaneciendo por
el momento en los términos más generales, en un conjunto de acciones
que se inducen y se encuentran formando una sucesión).También es necesario distinguir las relaciones de poder de las relaciones de comunicación que transmiten una información por medio de un
lenguaje. un sistema de signos o cualquier otro medio simbólico. L a comunicación es siempre, sin duda, una cierta manera de actuar sobre el
otro o los otros. Pero la producción y la circulación de elementos del significado pueden tener como objetivo o como consecuencia ciertos efectos
de poder; estos últimos no son simplemente un aspecto de las primeras.
Las relaciones de poder poseen una naturaleza específica, pasen o no pasen a través de sistemas de comunicación. No debe confundirse entonces
las relaciones de poder, las relaciones de comunicación y las capacidades
objetivaq. Ello no quiere decir que se trate de tres dominios separados,
ni que de un lado exista el campo de las cosas, de la técnica perfeccionada, del trabajo y de la transformación de lo real; por otro lado el de los
signos, 3a comunicación, la reciprocidad y la producción de significado,y finalmente, el da la dominación de los medios de coacción, de desigualdad y de la acción de los hombres sobre otros hombres. Se trata de tres
tipos de relaciones, que de hecho siempre se traslapan, se apoyan recíprocamente y se utilizan mutuamente como instrumentos. 1,a aplicación de las
capacidades objetivas, en sus formas más elementales, implica relaciones
de comunicación (ya sea bajo la forma de información previamente adquirida o de trabajo compartido) ; también está vinculada a relaciones
de poder (ya sea que consistan en tareas obligatorias, en gestos impuesros
por tradición o por aprendizaje, en subdivisiones y en la distribución máso menos obligatoria del trabajo). Las relaciones de comunicación implican
actividades terminadas (aunque sólo sea la puerta en juego correcta de elenientos de significado) y, en virtud de la modificación del campo de
infoimación entre parejas, producen efectos de poder. En cuanto a las
relaciones de poder mismas, en una parte fundamental se ejercen median-tc la producción y el intercambio de signos; difícilmente se Ies puede
disociar de las actividades terminadas, ya sean las que permiten ejercer el
poder (como las técnicas de entrenamiento, los procesos de dominación,
las medios mediante los cuales se obtiene la obediencia) o las que recu-LL S U J L T O Y EL PODER 13rren a relaciones de poder con el fin de desarrollar su potencial (la división del trabajo y la jerarquía de tareas).Desde luego, la coordinación entre estos tres tipos de relaciones no
es ni uniforme ni constante. En una sociedad dada, no hay un tipo general de equilibrio entre las actividades terminadas, los sistemas de comunicación y las relaciones de poder. Más bien hay diversas formas. diversos
lugares, diversas ocasiones o circunstancias en las que eqtas interrelaciones
se establecen según un modelo especifico. Pero también hay ""bloques"" en
los que el ajuste de habilidades, las redes de comunicación y las relaciones de poder constituyen sistemas regulados y concertados. Tómese por
ejemplo una institución educativa: la disposición de su espacio, los reglamentos ineticulosos que regulan la vida interna. las distintas actividades
que ahí se organizan, las diversas personas que viven o se encuentran ahí,
cada una con su propia función, un lugar, un rostro bien definido -todo
e.i.to constitu~e un bloque de capacidad-comunicación-poder. La actividad que asegura el aprendizaje y la adquisición de aptitudes o tipos de
cori~portamientose desarrolIa ahí por medio de todo un conjunto de coxnunicaciones reguladas (lecciones, preguntas y respuestas, órdenes, exhortaciones, signos codificados de obediencia, marcas diferenciales del ""valor""
de cada persona y de los niveles de conocimiento) y por medio de toda
tina serie de procedimientos de poder (encierro, vigilancia, recompensasy castigos, la jerarquía piramidal) .Estos bloques, en los que la puesta en práctica de capacidades técni-cas. el juego de comunicaciones y las relaciones de poder se ajustan entresí según fórmulas pensadas, constituye lo que podría llamarse, ampliandoun poco el sentido de la palabra disciplinas. El anjlisis empírico de cier-tas disciplinas en su constitución histórica, presenta, por esta razón, ciertointerés. Ello es así, primero, porque las disciplinas muestran, según es-quemas artificialmente claros y decantados. el modo como pueden articu-larse los sistemas de finalidad objetiva, los de coinunicación y los dcpoder. Asimismo, exhiben diferentes modelos de articulación, dándoles pree-minencia algunas veces a las relaciones de poder y de obediencia (comoen las disciplinas de tipo monjstico o penitencial), a veces a actividadesterminadas (como en las disciplinas de hospitales o talleres), a veces a re-laciones de comunicación (como en las disciplinas de aprendizaje), y aveces también a una saturación de los tres tipos de relaciones (como qui-zás en la disciplina militar, en la que una plétora de signos indica, hastael punto de ser redundante, relaciones de poder apretadas y cuidadosa-mente calculadas para producir cierto número de efectos técnicos).La introducción de la disciplina en las sociedades europeas a partirdel siglo xvrrr no debe entenderse, desde luego. en el sentido de que 10sindividuos que forman parte de ellas se vuelven cada vez más obedientesni de que empiezan a reunirse en cuarteles, escuelas o prisiones; másbien, en el sentido de que se busca un proceso de ajuste Frecíentementecontrolado -cada vez más racional y económico- entre las actividades14 REVISTA 3IEXICAXA DE SOCIOLOG~Aproductivas, los medios de comunicación y el juego de las relaciones de
poder.Abordar el tema del poder por medio de un análisis del ""cómo"" es,
por lo tanto, introducir varios cambios críticos en relación con el supuesto de un poder fundamental. Es plantearse como objeto de análisis relaciones de poder y no un poder; relaciones de poder que son distintas de
las capacidades objetivas y de las relaciones de comunicación: relaciones
de poder, en fin, que pueden aprehenderse en la diversidad de su encadenamiento con esas capacidades y esas relaciones"
7,Carl_Schmidt,concepto_politico,1,"Capitulo 1Proposición [P]: Todo concepto de Estado es el que presupone el concepto de lopolítico.Capítulo 2P: Toda distinción política específica es la distinción entre amigo y enemigo.Capítulo 3P 1: Todos los conceptos de amigo y enemigo son aquellos que se tomarán en susentido concreto y existencial.P 2: Todo autentico concepto de enemigo es el que posibilita la lucha real.P 3: Todo pueblo que no tenga la posibilidad de luchar es un pueblo que no dis-tingue entre amigo y enemigo, por lo tanto, carece de política.P 4: Toda guerra es la negación esencial de otro ser.Capítulo 4P 1: Toda unidad política es necesariamente la unidad decisiva para la agrupación deamigos y enemigos.P 2: Todo Estado que sea una unidad decisiva es un Estado que se sustenta en sucarácter político.28 Toda proposición categórica típica responde a la siguiente estructura: cuantificador (A-E-I-O) + término sujeto+ cópula (verbo ser o estar) + término predicado. Cf. I. M. Copi, Introducción a la lógica, Limusa, 2007, pp.209-243.Zarria, S.M;. Maschke, G. Res publica (Madrid. Internet), 22(1) 2019: 259-289268Capítulo 5P 1: Todo Estado que sea una unidad esencialmente política es aquel al que le perte-nece el jus belli y puede disponer abiertamente de la vida de las personas.P 2: Todo pueblo que exista en la esfera de lo político es aquel que tiene quedistinguir entre amigo y enemigo. En esto radica la esencia de su existencia política.P 3: Todo pueblo que ya no tenga la fuerza o la voluntad para mantenerse en laesfera de lo político es un pueblo que desaparece. No desaparece lo político del mun-do, tan solo un pueblo débil.Capítulo 6P 1: Todo pluralismo de los Estados es aquello que se deriva del rasgo conceptual delo político.P 2. Toda unidad política no es universal.P 3. Ninguna guerra es aquella que se libra en nombre de la humanidad. La humani-dad no es un concepto político y no le corresponde la unidad política ni el status político.P 4: Toda Liga de las Naciones que no sea universal, sino una alianza o una coa-lición es aquella que puede tener importancia política. Eso no eliminaría el jus belli.Capítulo 7P 1: Toda vez que se quiera comprobar las teorías del Estado y las ideas políticas esvez en que se realizará sobre la base de su antropología y luego clasificarlas, pre-suponiendo, consciente o inconscientemente, un hombre “malo por naturaleza” o“bueno por naturaleza”.P 2: Toda vez que la esfera de lo político se determine por la posibilidad real deun enemigo es momento en que las representaciones y pensamientos políticos nopueden tomar como punto de partida un optimismo antropológico.P 3: Todo pensamiento político, así como todo instinto político es aquello que seprueba en la posibilidad real de la distinción entre amigo y enemigo.Capítulo 8P 1: El liberalismo del último siglo es aquel que ha transformado y desnaturalizadode forma singular y sistemática todas las nociones estatales y políticas.P 2: Todo pensamiento liberal es aquel que elude o ignora al Estado y la políticade modo extremadamente sistemático y se mueve típicamente entre la ética y la eco-nomía y desde estos dos extremos tratan de disolver lo político.P 3: Todo pathos liberal es aquel que se dirige contra cualquier tipo de empleo deviolencia y falta de libertad. Dando como resultado un sistema de conceptos desmi-litarizados y despolitizados.P 4: Toda referencia al concepto político de “lucha” en el pensamiento liberal esaquella que deviene, por el lado económico en competencia y por el lado “espiritual”en discusión. En lugar de establecer una clara distinción entre la “guerra” y “paz”,surge la eterna competencia y la eterna discusión"
8,Charles_Tilly,state_making,1,"How States Formed This analysis, if correct, has two strong implications for the development of
national states. First, popular resistance to war making and state making
made a difference. When ordinary people resisted vigorously, authorities
made concessions: guarantees of rights, representative institutions, courts of
appeal. Those concessions, in their turn, constrained the later paths of war
making and state making. To be sure, alliances with fragments of the ruling
class greatly increased the effects of popular action; the broad mobilization of
gentry against Charles I helped give the English Revolution of 1640 a far
greater impact on political institutions than did any of the multiple rebellions
during the Tudor era.
Second, the relative balance among war making, protection,
extraction, and state making significantly affected the organization of the
states that
184 Charles Tilly
emerged from the four activities. To the extent that war making went on with
relatively little extraction, protection, and state making, for example, military
forces ended up playing a larger and more autonomous part in national
politics. Spain is perhaps the best European example. To the extent that
protection, as in Venice or Holland, prevailed over war making, extraction, and
state making, oligarchies of the protected classes tended to dominate
subsequent national politics. From the relative predominance of state making
sprang the disproportionate elaboration of policing and surveillance; the Papal
States illustrate that extreme. Before the twentieth century, the range of viable
imbalances was fairly small. Any state that failed to put considerable effort into
war making was likely to disappear. As the twentieth century wore on,
however, it became increasingly common for one state to lend, give, or sell
war-making means to another; in those cases, the recipient state could put a
disproportionate effort into extraction, protection, and/or state making and yet
survive. In our own time, clients of the United States and the Soviet Union
provide numerous examples.
This simplified model, however, neglects the external relations that
shaped every national state. Early in the process, the distinction between
""internal"" and ""external"" remained as unclear as the distinction between state
power and the power accruing to lords allied with the state. Later, three
interlocking influences connected any given national state to the European
network of states. First, there were the flows of resources in the form of loans
and supplies, especially loans and supplies devoted to war making. Second,
there was the competition among states for hegemony in disputed territories,
which stimulated war making and temporarily erased the distinctions among
war making, state making, and extraction. Third, there was the intermittent
creation of coalitions of states that temporarily combined their efforts to force a
given state into a certain form and position within the international network.
The war-making coalition is one example, but the peace-making coalition
played an even more crucial part: From 1648, if not before, at the ends of wars
all effective European states coalesced temporarily to bargain over the
boundaries and rulers of the recent belligerents. From that point on, periods of
major reorganization of the European state system came in spurts, at the
settlement of widespread wars. From each large war, in general, emerged
fewer national states than had entered it. "
9,Bobbio,formas_poder,4,"Desde el punto de vista de los diversos criterios que
han sido adoptados para distinguir las diversas
formas de poder, la definición del poder político
como el poder que está en posibilidad de recurrir en
última instancia a la fuerza (y es capaz de hacerlo
porque detenta su monopolio) es una definición
que se refiere al medio del que se sirve quien detenta el poder para obtener los efectos deseados. El
criterio del medio es el que se utiliza comúnrnente
porque permite una tipología a la vez simple y clara,
la llamada tipología de los tres poderes, económico,
ideológico y político, o sea, de la riqueza, del saber y
de la fuerza. El poder económico es el que se vale de
la posesión de ciertos bienes, necesarios o consideEL ESTADO Y EL PODER 111radas.como _tales, en una situación de escasez, para
inducir a quienes no los poseen a adoptar una cierta
conducta, que consiste principalrnente en la realiza-ción de un trabajo útil. En la posesión de los medios
de producción reside una enorme fuente de po-der de parte de _quienes los poseen frente a Jos que no
Jos paseen, precisamente en el sentido específico de
capacidad de deter1ninar el cornportamiento ajeno.En cualc!uier.sociedad donde existen propietarios yno pro¡_:netanos, el poder del propietario deriva de
Ja posrbrlrdad que la posesión exclusiva de un bien le
da de obtener que el no propietario (o propietario
solamente de su fuerza de trabajo) trabaje para él
bajo las condiciones que él imponga. El poder ideológico es el que se sirve de la posesión de ciertas
formas de saber, doctrinas, conocimientos, incluso
solamente de información, o de códigos de conducta, para ~jercer influencia en el comportamiento
ajeno e inducir a los miembros del grupo a realizar o
dejar de realizar una acción. De este tipo de condicionamiento deriva la ünportancia social de quienes
saben, los sacerdotes en las sociedades tradicionales
los literatos, los científicos, los técnicos, los llamado;""intelectuales"", en las sociedades secularizadas
porque mediante los conocimientos que ell~s di'.funden o los valores que predican e inculcan se
realiza el proceso de socialización del que todo
grupo social tiene necesidad para permanecer
unido. Lo que tienen en común estas tres formas de
poder es que ellas contribuyen conjuntamente a
instituir y mantener sociedades de desiguales divididas en fuertes y débiles con base en el primero, en
ricos y pobres con base en el segundo, en sapientes e
ignorantes con base en el tercero. Genéricamente
entre superiores e inferiores.112 ESTADO, PODER Y GOBIERNODespués de todo, definir el poder político como elpoder cuyo rnedio específico es la fuerza sirve para
hacer entender por qué siernpre haya sido considerado el poder supremo, o sea, el poder cuya posesión distingue en toda sociedad al grupo dominante. En efecto, el poder coactivo es aquel del que
todo grupo social tiene necesidad para defenderse
de ataques externos o para impedir su disgregación
interna. En las relaciones entre los integrantes de un
mismo grupo social, a pesar del estado de subordinación que la expropiación de los medios de producción crea en los expropiados, a pesar de la adhesión pasiva a los valores trasnütidos de parte de los
destinatarios de los mensajes emitidos por la clase
dominante, Sólo la utilización de la fuerza física sirve
para impedir la insubordinación y para apaciguar
toda forma de desobediencia. En las relaciones
entre los grupos sociales, no obstante la presión que
puede ejercer la arnenaza o la ejecución de sanciones económicas para persuadir al grupo adversario
a desistir de un comportamiento considerado no-civo u ofensivo (en las relaciones entre grupos los
condicionamientos de naturaleza ideológica cuentan menos), el ínstrurnento decisivo para imponer la
propia voluntad es el uso de la fuerza, es decir,
la guerra.
Estas distinciones entre los tres tipos principales
de poderes sociales, si bien manifestada de diferentes maneras, es un dato casi constante en las teorías
sociales contemporáneas, en las cuales el sistema
social en su conjunto aparece directa o indirectamente articulado en tres subsisternas: la organización de las fuerzas productivas, la organización del
consenso y la organización del poder coactivo. Incluso la teoría marxista puede ser interpretada en
EL ESTADO Y EL PODER 113es,te ~entid?: la base real comprende el sistema econom1co, mientras la. superestructura, escindiéndosee? ?os momer:tos diferentes, abarca-el sistema ideologico y el mas propiamente jurídico-político (del
que Marx, es necesario no olvidarlo, toma sobre
todo el aspecto represivo, resaltando especialmente
el ,aparato de coacción). El sistema gramsciano es
mas claramente tricotómico, donde el rnomento su-perestructura! es distinguido en dos momentos, elmoment~ de. la he&e~ 0onía o del consenso que es
llamado soc¡edad c!Vll y el momento del dominio o
de la fuerza llamado ""Estado"". Por lo demás, durante siglos los escritores políticos han distinguido elpoder espmtual que hoy se llamaría ideológico
del poder temporal, y siempre han interpretado elpoder temporal constituido por la conjunción deld?rninzum, que es el poder sobre las cosas, constitu-uvo del poder económico, con el imperium, que es el
poder de mando sobre los hombres, constitutivos
del poder político en sentido estricto. Así en la
dicotomía tradicional corno en la marxista' se encuentran las tres formas de poder, con tal de que seinterprete correctamente corno compuesto por dos
momentos, tanto en un caso con10 en otro el segundo término. La diferencia esencial radi;a en el
hecho d"" que en la teoría tradicional el poder prin-opal esta representado por el poder ideológico en
cuanto el po~er económico-político es concebidoc?mo dependiente del espiritual, mientras en la teona marx1s~a el poder principal es el económico en
cuanto las id:_ologías y las instituciones políticas tienen la .func1on de ~arantizar la permanencia dedeterminadas relaciones de producción (por lo
menos hasta .que la contradicción misma que explota en un cierto momento del desarrollo de estas114 ESTADO, PODER Y GOBIERNOrelaciones produce el cambio). Al inicio de la época
moderna es ejemplar el De cive de Hobbes. 0642],dividido en tres partes: libertas, potes/as, rehgw, q""'.ecorresponden respectivamente a la esfera de _la li-bertad natural donde se desarrollan las relac10nesde intercambio en las cuales el poder político debe
intervenir lo menos posible (hay quien como Macpherson ha creído_ poder observar en el estado de
naturaleza hobbesrano una prefiguraoon de la sociedad de mercado), al poder político, que detenta
)as dos espadas de la justicia y de la guerra, y al
poder espiritual, al que corresponde una tarea fundamentalmente de enseñanza. En Hobbes, el poder
por excelencia es el poder polític~, el cual, _legiti-mado para ello por una delegac10n espeof1ca de
individuos aislados y aterrorizados, impulsados por
la necesidad de salir del estado de naturaleza, controla lo mismo el poder espiritual que el poder económico. También bajo este aspecto Hobhes puedeser considerado el primero y tambi~n--el m~ximoteórico del Estado moderno, es decir, del Estado
cuya formación es acompañada por la persistente
idea de la primacía de la política."
10,Aristoteles,poder_ciudadano,1,"Puesto que hemos dicho que los regí- 18 
Recapitulación, menes rectos son tres, de estos será nece
La misma educación sariamente el mejor el que esté adminis
de bien y el trado 606 por los mejores. Tal es aquel en 
buen ciudadano el que sucede que hay un individuo o una 
familia entera o una multitud que desta
ca sobre todos en virtud, siendo unos capaces de obedecer 
y otros de mandar con vistas a lograr la vida más deseable. 
En la primera parte de este estudio se demostró que la 
virtud del hombre y la del ciudadano de la mejor ciudad 
son necesariamente la misma. Es evidente que de la misma 
manera y por los mismos medios como un hombre se hace bueno, también se puede constituir una ciudad aristocráti
1288b ca o monárquica, de modo que la educación 607 y las cos
tumbres que hacen a un hombre bueno serán más o menos 
las mismas que las que lo hacen apto para ser un hombre 
de Estado 608 o rey. 
2
 Una vez precisados estos puntos sobre el régimen polí
tico hemos de intentar hablar ya del mejor, cuáles son las 
condiciones naturales de su nacimiento y cómo se estable
ce. [Es necesario que el que pretenda hacer de él un estu
dio adecuado609...]"
11,Di_Pego,poder_revoluciones,3,"A partir de estos estrechos vínculos entre poder, palabra y espacio público, Jürgen
Habermas concluye que Arendt sustenta un “concepto comunicativo de poder”,23
donde éste se entiende “como la capacidad de ponerse de acuerdo, en una comunicación
sin coacciones, sobre una acción en común”.24 Tal como puede apreciarse en esta cita,
Habermas destaca reiteradamente como un componente central del poder comunicativo
“la capacidad de ponerse de acuerdo” o, con otras palabras, “la fuerza generadora de
consenso de una comunicación que busca el entendimiento”.25 Sin embargo, es necesario
destacar que Arendt prácticamente no utiliza en sus obras expresiones tales como
búsqueda de consensos o de acuerdos. Por eso, debemos señalar una divergencia: mientras
que para Habermas el poder comunicativo tiene por objeto la búsqueda de acuerdos,
para Arendt el poder es un fin en sí mismo que se actualiza cuando las personas hablan
y actúan en concierto. Veamos las propias palabras de Arendt: “El fin de la guerra –en
su doble sentido– es la paz o la victoria; en cambio no hay respuesta a la pregunta ¿cuál
es el fin de la paz? La paz es un absoluto, aunque en la historia los periodos de guerra
casi siempre han durado más tiempo que los de paz. El poder aparece en la misma
categoría: es, digamos, un ‘fin en sí’”.26
Luego de esta aclaración, aceptamos de todas formas que Arendt sustenta una
noción comunicativa de poder, pero sólo en la medida en que la desvinculamos de
esta búsqueda de consensos y en cambio la ponemos en relación con el diálogo y la
acción concertada en un espacio público. “De aquí se sigue la hipótesis central que
Hannah Arendt repite incansablemente: ninguna dirección política puede sustituir
impunemente al poder (Macht) por la fuerza (Gewalt); y el poder solamente puede
provenir de un espacio público no deformado”.27 Si bien acordamos con Habermas
en este enfoque más amplio del poder comunicativo, consideramos sin embargo que
la noción de poder comunicativo que Arendt desarrolla en La condición humana no
da cuenta en su total complejidad de su concepción del poder. Nuestra tesis es que
la noción de poder tiene un carácter polisémico a lo largo de la obra de Arendt y
para indagar esto haremos un breve rodeo por otros textos. Las revoluciones y las rebeliones, entonces, son fenómenos que se caracterizan por
este poder que surge de la reunión de los ciudadanos en las calles, pero también puede
ir acompañado de manifestaciones de violencia. Sin embargo, las revoluciones y las
rebeliones no se imponen necesariamente por la violencia sino por el poder de la
“multitud”, poder ante el cual resultan estériles los ejércitos y las armas de los
gobernantes. El elemento constitutivo que cualquier revolución o rebelión necesita
para poder realizarse es el poder espontáneo que implica la reunión de los hombres.
Puede en el transcurso de las mismas producirse una escalada de violencia, pero lo
fundamental es que al mismo tiempo se produzca un incremento del poder de reunión
que surge en las calles."
12,Parsons,concept_power,2,"This paper has been designed as a general the- 
oretical attack on the ancient problem of the na- 
ture of political power and its place, not only in 
political systems, narrowly conceived, but in the 
structure and processes of societies generally. 
The main point of reference for the attack has 
been the conception that the discussion of the 
problem in the main traditions of political thought 
have not been couched at a sufficiently rigorously 
analytical level, but have tended to treat the na- 
tion, the state, or the lower-level collectively or- 
ganized ""group,"" as the empirical object of ref- 
erence, and to attempt to analyze its functioning 
without further basic analytical breakdown. The most conspicuous manifestation of this tendency 
has been the treatment of power. 
The present paper takes a radically different 
position, cutting across the traditional lines. It 
takes its departure from the position of economic 
theory and, by inference, the asymmetry between 
it and the traditional political theory,41 which has 
treated one as the theory of an analytically defined 
functional system of society-the economy-and 
the other as a concrete substructure, usually iden- 
[PROC. AMER. PHIL. SOC. 
entered upon here makes it possible to treat power 
in conceptually specific and precise terms and thus 
gets away from the theoretical diffuseness called 
to attention, in terms of which it has been neces- 
sary to include such a very wide variety of proble- 
matical phenomena as ""forms"" of power. Sec- 
ondly, I think it can advance a valid claim to pre- 
sent a resolution of the old dilemma as to whether 
(in the older terms) power is ""essentially"" a phe- 
tified with government. Gradually the possibility 
has opened out both the extension of the ana- 
lytical model of economic theory to the political 
field and the direct articulation of political with 
economic theory within the logical framework of 
the theory of the social system as a whole, so 
that the polity could be conceived as a functional 
subsystem of the society in all its theoretical fun- 
damentals parallel to the economy. 
This perspective necessarily concentrated atten- 
tion on the place of money in the conception of the 
economy. More than that, it became increasingly 
clear that money was essentially a ""symbolic"" phe- 
nomenon and hence that its analysis required a 
frame of reference closer to that of linguistics than 
of technology, i.e. it is not the intrinsic properties 
of gold which account for the value of money un- 
der a gold standard any more than it is the in- 
trinsic properties of the sounds symbolized as 
""book"" which account for the valuation of physi- 
cally fixed dissertations in linguistic form. This 
is the perspective from which the conception of 
power as a generalized symbolic medium oper- 
ating in the processes of social interaction has been 
set forth. 
This paper has not included a survey of the em- 
pirical evidence bearing on its ramified field of 
problems, but my strong conviction is not only 
that the line of analysis adopted is consistent with 
the broad lines of the available empirical evidence, 
but that it has already shown that it can illumi- 
nate a range of empirical problems which were not 
well understood in terms of the more conventional 
theoretical positions-e.g. the reasons for the gen- 
eral egalitarian pressure in the evolution of the 
political franchise, or the nature of McCarthyism 
as a process of political deflationary spiral. 
It does not seem necessary here to recapitulate 
the main outline of the argument. I may con- 
clude with the three main points with which I 
began. I submit, first, that the analytical path 
41I myself once accepted this. Cf. The Social System 
(Illinois, The Free Press of Glencoe, 1951), chapter V, 
pp. 161-163. 
nomenon of coercion or of consensus. It is both, 
precisely because it is a phenomenon which inte- 
grates a plurality of factors and outputs of politi- 
cal effectiveness and is not to be identified with 
any one of them. Finally, light has been thrown 
on the famous zero-sum problem, and a definite 
position taken that, though under certain specific 
assumptions the zero-sum condition holds, these 
are not constitutive of power systems in general, 
but under different conditions systematic ""exten- 
sion"" of power spheres without sacrifice of the 
power of other units is just as important a case. 
These claims are put forward in full awareness 
that on one level there is an inherent arbitrariness 
in them, namely that I have defined power and a 
number of related concepts in my own way, which 
is different from many if not most of the defini- 
tions current in political theory. If theory were 
a matter only of the arbitrary choice of definitions 
and assumptions and reasoning from there, it 
might be permissible to leave the question at that 
and say simply, this is only one more personal 
""point of view."" Any claim that it is more than 
that rests on the conception that the scientific un- 
derstanding of societies is arrived at through a 
gradually developing organon of theoretical analy- 
sis and empirical interpretation and verification. 
My most important contention is that the line of 
analysis presented here is a further development 
of a main line of theoretical analysis of the social 
system as a whole, and of verified interpretation 
of the empirical evidence presented to that body 
of theory. This body of theory must ultimately 
be judged by its outcomes both in theoretical gen- 
erality and consistency, over the whole range of 
social system theory, and by its empirical validity, 
again on levels which include not only convention- 
ally ""political"" references, but their empirical in- 
terrelations with all other aspects of the modern 
complex society looked at as a whole."
13,Dussel,factibilidad_poder,2,"[2.31] Pero las voluntades de los miembros de la comunidad uni
da consensualmente no son suficientes para terminar de describir 
el poder politico. Es necesaria todavia una ultima determinacion. [2.32] Para poseer lajacultad del poder la comunidad debe po
der usar mediaciones, tecnico-instrumentales 0 estrategicas, que 
permitan empiricamente ejercer la dicha voluntad-de-vivir desde 
el consenso comunitario (0 popular). Si una comunidad politica, 
por ejemplo, es atacada por otra, debera poder resistir el ataque 
del enemigo con instrumentos y estrategia militares. Si una co
munidad tieTie una crisis de hambruna, debera poder desarrollar 
los sistemas agricolas adecuados para proveer de alimentacion a 
la pohlacion (como exigfa Aristoteles en su Politica). Si descubre 
un grado bajo de recuerdo de sus tradiciones culturales, debera 
impulsar una polftica educativa, artistica, de investigaciones his
toricas para que la comunidad, el pueblo, recupere la condenda 
de su identidad cultural (sub-esfera material central de la politica, 
como veremos [-+ 7] ), momento igualmente esendal de la unidad 
de las voluntades como poder. 
[2.33] La jactibilidad estrategica, es dedr, la posibilidad de Ilevar 
a cabo con la razon instrumental y empfricamente los propositos 
de la vida humana y su aumento historico, dentro del sistema de 
legitimacion que se haya desarrollado, y de las instituciones (mi
cro-sociales 0 macro-politicas) que hacen por su parte posibles las 
otras dos esferas, es entonces la tercera determinacion constituti
va del poder politico. 
[2.34] EI poder politico no se toma (como cuando se dice: ""-iIn
tentaremos por una revoludon la loma del poder del Astado""!). EI po
del' 10 tienesiempre y solamente la comunidad polftica, el pueblo. 
Lo tiene siempre aunque sea debilitado, acosado, intimidado, de 
manera que no pueda expresarse. EI que ostenta la pura fuerza, 
la violencia, el ejercido del dominio despotico 0 aparentemente 
legftimo (como en la descripcion del poder en M. Weber), es un 
poder fetichizado, desnaturalizado, espurio [-+5], que aunque se 
llame poder consiste pOI' el contrario en una violencia destructora 
de 10 politico como tal--el totalitarismo es un tipo de ejercicio de la 
fuerza pOl' medios no politicos, policiacos 0 cuasi-militares, que no puede despertar en los ciudadanos la adhesion consensual fuerte 
de voluntades movidas por razones de libres que constituye pro
piamente el poder politico. 
[2.35] Denominaremos entonces potentia al poder que tiene la 
comunidad como una facultad 0 capacidad que Ie es inherente a 
un pueblo en tanto ultima instancia de la soberanfa, de la auto
ridad, de la gobernabilidad, de 10 politico. Este poder como po
tentia, que como una red se despliega por todo el campo politico 
siendo cada actor politico un nodo (usando las categorias de M. 
Castells), se desarrolla en diversos niveles y esferas, constituyendo 
asi la esencia y fundamento de todo io politico. Podrfa decirse que 10 
politico es el desarTOllo del poder politico en todos sus momentos. 
"
14,Odin_Avila,zapatismo_poder,4,"Aunque en los últimos treinta aúos se ha teorizado mucho en las ciencias sociales sobre
la experiencia zapatista, la ciencia política todavía tiene dificultades para reconocer el
aporte a sus áreas o subcampos de estudio. La razón principal se debe a que la tendencia
politológica se ha centrado, desde finales del siglo pasado y hasta hoy, en aquellos
paradigmas de la política comparada y la administración pública que se preocupan en
comprender y explicar los fenómenos relacionados con la gestión, la organización y el
comportamiento de los gobernantes, las instituciones y la eficiencia de las políticas públicas
desde la lógica de quien ocupa los cargos institucionales de mando (Pasquino, 2021),
sin considerar que los gobernados también se pueden constituir como sujetos políticos
autónomos (Ávila, 2019b, 2023).
Además, la interpretación que predomina sobre los fundamentos epistemológicos y
teóricos de la política concreta a quienes gobiernan como sujetos de poder y así desplaza
a los subalternos hacia los márgenes de la relación mando/obediencia. Este argumento
ha llevado a pensar que el aporte de los zapatistas se encuentra en reflexionar desde la
experiencia comunitaria e indígena sobre las relaciones de poder y los retos democráticos
que esto implica. En esta lógica, la contribución de los rebeldes del sureste chiapaneco
no está en una nueva teoría, ni en descubrir el método directo de representación y
participación, sino en la posibilidad de lograr de manera factual el ejercicio del poder
desde la práctica misma de la democracia.
En este sentido, los zapatistas no esperaron a que se hiciera la democracia por medio
de los gobiernos y el voto. Por el contrario, ellos tomaron la decisión de ejercerla como un
asunto de empoderar a la voluntad colectiva y hacerla sujeto de su mismo destino político;
esta idea ya había estado presente, de una u otra manera, en el pensamiento marxista e
incluso en autores de la ciencia política moderna como Nicolás Maquiavelo. Maquiavelo,
por cierto, fue desprestigiado por el marxismo-leninismo, que lo calificó como teórico de
las élites y grupos dominantes. Sin embargo, tanto Antonio Gramsci (2018) como muchos
otros lograron encontrar el carácter subalterno en sus postulados4; así, mostraron, que
la teoría política también puede ser descifrada y leída a partir de la experiencia de los
gobernados, quienes, por un lado, son subaltei-nizados en las relaciones de poder en el
Estado y, por el otro, tienen la posibilidad de empoderarse y constituirse como sujetoshistóricos y políticos autónomos.Este argumento ayuda a explicar la razón por la cual los zapatistas en sus procesos de
enseúanza y aprendizaje se han asumido, al mismo tiempo, como sujetos políticos con
la tarea de ejercer la democracia mediante los retos, contradicciones, antagonismos yconflictos que esto conlleva5; unos sujetos que desde su subalternidad se encuentran en constante dialéctica en tiempos, espacios, territorios y subjetividades. El subalterno tiene
sus propias contradicciones e intereses que responden a pasiones e ideales, pero también
a cuestiones personales: destruye, construye y se deconstruye al mismo tiempo, porque
-como Michel Foucault ha enseúado (1980, 2003)- el poder es parte de la subjetividad
del ser humano, no algo ajeno. Por ello, el sujeto se constituye mediante las relaciones de
poder, no se posiciona fuera de estas. Es imposible que el sujeto logre separarse del poder;
pero sí es factible que, a partir de los márgenes, con una condición subalterna, luche para
tener una posición más efectiva o que impacte las relaciones de mando/obediencia, como
ha sucedido con los zapatistas.
En este marco del debate sobre la subalrernidad, los zapatistas aportan el hecho de
pensar la posibilidad de ejercer el poder de manera democrática desde un lugar de
enunciación de la práctica movilizatoria y comunitaria. Durante mucho tiempo se cayó en
el falso debate académico y militante-activista que dice que la cuestión del poder planteada
desde el zapatismo se problematiza entre su toma y su no toma, cuando, en realidad, la
postura del EZLN y del movimiento ha sido la de democratizar las relaciones de poder
y criticar el sistema electoral, las instituciones y los mecanismos a través de los cuales se
llega a ejercer su forma como potestas (poder sobre) y no como potentias (poder hacer). Los
indígenas chiapanecos, que son una base fundamental en la composición del movimiento,
por ejemplo, han experimentado, generación tras generación, un cúmulo histórico de
resistencias y luchas contra las imposiciones de ese poder, que ha actuado en la región
bajo su forma más salvaje, sin mediaciones estatales en las que se respeten y aseguren los
[1.36] derechos básicos del ciudada no.
Hoy en el sureste de Chiapas se hace mucho más visible la ausencia de estas mediaciones
que pudiesen impedir la dominación del capital en las comunidades indígenas de la región.
Hay que seúalar que la dominación que se reproduce a partir de las relaciones sexistas,
clasistas, racistas y de persistencia colonial en los procesos de expansión del capitalismo
neoliberal en la actualidad han llegado a fragmentar los lazos comunitarios internos
en las bases zapatistas a tal grado que la penetración del narcotráfico, la violencia y la
corrupción ya no es una amenaza sino una realidad que debilita cada vez más el sentido
de los principios del mandar obedeciendo en el autogobierno zapatista. Esta situación ha
sido denunciada por los mismos zapatistas en sus comunicados a lo largo del aúo pasado(EZLN, 2023).Por supuesto, la razón para comprender por qué el zapatismo cuestiona el ejercicio
democrático del poder como potestas se encuentra en la misma historia que evidencia lasdiversas maneras en que los gobiernos nacionales, locales y regionales han sido correas
conductoras, transmisoras y reproductoras del capital en sus formatos transnacionales,
cuyo objetivo consiste en debilitar los derechos fundamentales del ciudadano, más que en
fortalecerlos. Este debilitamiento ha permitido que las grandes empresas y el narcotráfico
se beneficien económicamente de la depredación territorial sin tener que enfrentarun Estado que realmente se les oponga; un Estado que, además, difícilmente tiene la
capacidad de poner límites a las organizaciones, empresas y grupos que se benefician del
capital en su forma transnacional (Roux y Gilly, 2016). El despojo y la sobreexplotación como constantes en la historia de la región chiapaneca,
así como los abusos de poder y la falta de democracia, se han convertido en las principales
causas que motivan el discurso y la práctica de la política zapatista; de ahí que la historia
y la política se hilvanen para enunciar la politización de los de abajo, como planteaba
Adolfo Gilly (2006 , 2010). Este autor; al reflexionar sobre este tipo de casos en México y
la región latinoamericana, abrevó del pensamiento marxista, gramsciano y benjaminiano
para subrayar; de forma didáctica, que para pensar en el fenómeno del poder desde la
realidad de los subalternos hay que partir de la historia y de la condición de estos.
Como plantea este intelectual mexicano-argentino, inspirado en \·Valter Benjamín
(2008), hay que cepillar la historia a contrapelo para empezar a comprender la política
de los subalternos. En este sentido, la experiencia zapatista es un movimiento en el que
convergen una serie de constelaciones dialécticas que buscan encontrar la respuesta y la
solución a las tensiones, contradicciones y antagonismos entre oprimidos y dominadores
que históricamente se han expresado en países latinoamericanos como México (Holloway,
Matamoros y Tischler; 2008). Bajo esta lógica, la historia se convierte en una herramienta
que permite el análisis de la política de los gobernados y su subalternización como imagen
dialéctica; en ocasiones, esta herramienta ha llegado a ser olvidada por la misma ciencia
política sin considerar que ya en esta disciplina los clásicos y modernos han usado la
historia como un camino de construcción y deconstrucción para llegar a su teorización.
Así, la reflexión que aporta el zapatismo al poder gira alrededor de la idea de que el
pasado se teje en el hoy y se proyecta en el futuro, visión que el propio Marx y los marxistas
historiográficos tenían presente en sus teorías, que además coincide con la interpretación
oral de la cosmovisión indígena maya que recuperan los zapatistas en su formulación
ideológica y política (Ávila, 2020 ). Los rebeldes indígenas del sureste chiapaneco, sin
conocer a estos filósofos marxistas y teóricos políticos, han coincidido con ellos, mediante
su práctica, en reivindicar a los subalternos como sujetos que pueden llegar a gobernar
de manera autónoma y ser-al mismo tiempo-- un motor democrático de las sociedades
modernas, sociedades que, paradójicamente, excluyen, marginan y olvidan al indígena,
pero también son visualizadas para ser transformadas por este (Bashet, 2022).
En este marco es pensada la democracia en el zapatismo, así como la discusión de los
zapatistas con relación al poder. El argumento que pronunciaron los rebeldes --desde su
irrupción pública en 1994- es que la democracia moderna se ubica en un horizonte de
legitimación del poder y no en el de la posibilidad de usar el poder para transformar las
estructuras y las relaciones sociales. La reflexión de estos rebeldes se puede articular con
la discusión crítica que el mismo Carlos Marx (2011) hacía en relación al poder político
en el capitalismo, porque en ambos casos hay una denuncia de la fetichización de lasrelaciones de dicho poder (Dussel, 2022).En esta lógica, lo que la lucha de los zapatistas ha intentado es quitar el velo o la
vestidura aparente de lo que se conoce como democracia representativa moderna y
occidental para mostrarla como un sistema de legitimación de dominación capitalista frente
a las sociedades mexicana y latinoamericana, con el fin de que el ciudadano promedio tenga una na forma de conciencia libre que lo conduzca a una visión crítica del modelo
representativo de lo que se conoce como democracia. Desde luego, hay que matizar y
entender que los rebeldes del sureste parten de su propia experiencia histórica, en la que
la democracia se ha mostrado prácticamente como instrumento de dominación sobre los
pueblos indígenas.
Es importante mencionar que el discurso y la postura del zapatismo no se encuentran
en el mismo lugar que el de otros sujetos en proceso de politización----como los sindicatos,
el magisterio, el movimiento estudiantil y otras luchas ciudadanas urbanas de los
últimos aúos- que mediante las victorias electorales o las negociaciones clientelares y
corporativistas con el Estado mexicano han logrado la apertura de espacios democráticos
que estaban cerrados completamente por el priísmo; sujetos que juegan en el sistema
político mexicano, a pesar de que no compartan los mismos principios ni la misma
ideología. Por eso, hay que mencionar que el ejercicio democrático zapatista también
se ha abierto a la idea de articular y ampliar la base social para organizar la lucha, como
ocurrió en la Sexta Declaración de la Selva Lacandona (2005), en la que los zapatistas
convocaron a otros sectores y sujetos con los que han compartido la condición subalterna y
los márgenes de la geografía de la lucha de clases desde abajo. El objetivo de los zapatistas
con este llamado fue lograr una articulación contra el despojo y la sobreexplotación
masiva del capital en el siglo XXI.
En la Declaración, los rebeldes chiapanecos refutaron de manera mucho más evidente,(138] y mediante la práctica política, la tesis del sociólogo irlandés John Holloway (2000), que
entre finales de los noventa y la primera década del siglo XXI insistió en interpretar elfenómeno zapatista como una expresión de antipoder. Su tesis principal era que el EZLNse enmarcaba en la no toma de dicho poder. En contraste con esta afirmación, lo que se
ha podido observar es que a los rebeldes zapatistas sí les interesa debatir el poder, pero de
manera crítica al marco normativo e institucional que legitima dicho poder en el Estado
mexicano. Este cuestionamiento los ha llevado a intentar construir y ejercer las relaciones
de poder como sus propios sujetos de autogobierno con una condición autónoma"
15,Rainer_Forst,poder_noumenico,1," Al igual que con muchos otros conceptos, una vez que se considera
el concepto de poder más de cerca, surgen preguntas fundamentales, tales como
si una relación de poder es necesariamente una relación de subordinación y
dominación, visión que dificulta identificar formas legítimas de ejercicio de
poder. Para contribuir a su claridad, tanto conceptual como normativa, en lo
que sigue propongo una nueva forma de concebir el poder. Mi argumento es
que sólo podemos entender qué es el poder y cómo es ejercido una vez que
entendemos su naturaleza esencialmente nouménica. Sostengo que el fenómeno
real y general del poder se encuentra en el reino nouménico, es decir, en el espacio
de las razones, entendido como el reino de las justificaciones. De acuerdo con
ello, defiendo una noción del poder normativamente neutral, que nos permite
distinguir formas de poder más específicas, tales como dominio, coerción o
dominación. El análisis pretende abrir camino a una teoría crítica del poder."
16,Byan-Chul-Han,logica_poder,1,"El poder es «más espacioso» que la violencia . Y la
violencia se convierte en poder cuando «se deja más
tiempo». Considerán dolo así, el poder se basa en un
más y un menos de espacio y tiempo. Pero en el caso
del ju e g o del gato y el ra tó n , el espacio solo tie n e la angostura de una antesala de la m uerte. Aunque la
celda del condenado a muerte es más espaciosa que
la boca del gato, ese espacio de poder que está repleto de miedo no es ningún espacio positivo para
la acción. Para que pueda surg ir realmente «algo
nuevo», aquel «juego» tiene que ser algo más que
un preludio de la matanza.Tiene que presuponer un
verdadero margen de juego que permita posibilidades
estratégicas.El poder también presupone un margen de tiempo que es más que el «todavía no» del ataque morta l.
Obsesionado por la muerte , Canetti parece olvidar
que el poder no se lim ita a m atar, sino que sobre to d odeja vivir. E n su fija c ió n con la negatividad del poder,
Canetti no se da cuenta de que el poder no excluye
la acción ni la liberta d , de que el poder es donador detiempo y de espacio en un sentido totalmente distinto .
El margen de espacio y tiempo del poder o de la libertad podrá ser en ultimo término una quimera,
pero el poder lo presupone, incluso en la forma de
una apariencia."
17,Guerrero_Villalobos,perspectivas_poder,1,"El artículo discute en torno al concepto de poder en Byung ChulHan. Se abordan especialmente sus obras: Sobre el poder, Hegel y el poder yPsicopolítica. Mediante metodología hermenéutico-fenomenológica, seinterpreta el concepto a partir del análisis del autor; este va desde elconcepto de poder en sentido general, pasando por la perspectivahegeliana, insertándolo en la idea de sociedad disciplinaria (Foucault);hasta su reinterpretación desde la denominada sociedad neuronal, propiade la sociedad del cansancio. Se concluye con el autor que, el poder irrumpeen la sociedad digital para dominar mediante coacciones internas delsujeto."